Ex_Re,Ex_Im,Ey_Re,Ey_Im,Ez_Re,Ez_Im,Hx_Re,Hx_Im,Hy_Re,Hy_Im,Hz_Re,Hz_Im
0.5403023058681398,0.8414709848078965,3.308397447266758e-17,5.152523740601808e-17,0.0,0.0,-2.0258091720512547e-33,-3.155010853229376e-33,3.308397447266758e-17,5.152523740601808e-17,-0.5403023058681398,-0.8414709848078965
-0.4161468365471424,0.9092974268256817,-2.5481644567637737e-17,5.567840916174979e-17,0.0,0.0,1.5603007228384048e-33,-3.409319278077677e-33,-2.5481644567637737e-17,5.567840916174979e-17,0.4161468365471424,-0.9092974268256817
-0.9899924966004454,0.1411200080598672,-6.061955710708163e-17,8.641108308308254e-18,0.0,0.0,3.711877328845885e-33,-5.291152815427651e-34,-6.061955710708163e-17,8.641108308308254e-18,0.9899924966004454,-0.1411200080598672
