Ex_Re,Ex_Im,Ey_Re,Ey_Im,Ez_Re,Ez_Im,Hx_Re,Hx_Im,Hy_Re,Hy_Im,Hz_Re,Hz_Im
0.0,0.0,0.0,0.0,0.5403023058681398,0.8414709848078965,-0.5403023058681398,-0.8414709848078965,0.0,0.0,0.0,0.0
0.0,0.0,0.0,0.0,-0.4161468365471424,0.9092974268256817,0.4161468365471424,-0.9092974268256817,0.0,0.0,0.0,0.0
0.0,0.0,0.0,0.0,-0.9899924966004454,0.1411200080598672,0.9899924966004454,-0.1411200080598672,0.0,0.0,0.0,0.0
