Parameter,Value
mu,4.0581311290499436
epsilon,9.531785910894204
omega,7.453942447208348
polarization,0.9403705479813057
propagation_x,-0.5233794198556265
propagation_y,-0.52341611942337
propagation_z,-0.672390919628878
