Ex_Re,Ex_Im,Ey_Re,Ey_Im,Ez_Re,Ez_Im,Hx_Re,Hx_Im,Hy_Re,Hy_Im,Hz_Re,Hz_Im
-0.04793248395771829,-0.21991604944344553,0.0,0.0,0.0,0.0,0.0,0.0,0.0,0.0,0.0,0.0
-0.04299589137143181,0.06696213335029096,0.0,0.0,0.0,0.0,0.0,0.0,0.0,0.0,0.10995802472172275,-0.023966241978859142
-0.04299589137143181,0.06696213335029096,0.0,0.0,0.0,0.0,0.0,0.0,-0.10995802472172275,0.023966241978859142,0.0,0.0
