Parameter,Value
mu,4.0581311290499436
epsilon,9.531785910894204
omega,7.453942447208348
position_x,1.973169683940732
position_y,-6.87962719115127
position_z,-6.880109593275947
direction_x,-0.7583273296801692
direction_y,0.6283572785804277
direction_z,0.17351308744628702
