Ex_Re,Ex_Im,Ey_Re,Ey_Im,Ez_Re,Ez_Im,Hx_Re,Hx_Im,Hy_Re,Hy_Im,Hz_Re,Hz_Im
-0.0,0.0,-0.0,0.0,-0.09270122012406017,-0.14437359630614577,0.09270122012406017,0.14437359630614577,-0.0,0.0,-0.0,0.0
-0.0,0.0,-0.0,0.0,0.07139950927417048,-0.156010773981373,-0.07139950927417048,0.156010773981373,-0.0,0.0,-0.0,0.0
-0.0,0.0,-0.0,0.0,0.16985585912143603,-0.024212365538672242,-0.16985585912143603,0.024212365538672242,-0.0,0.0,-0.0,0.0
