Parameter,Value
mu,2.8847794020244013
epsilon_air,9.35064750376508
epsilon_substrate,0.5892662577409786
omega,4.815962848633293
polarization,0.5093448435218974
propagation_x,-0.5134004819320608
propagation_y,0.8325775938929195
propagation_z,-0.20792906314270906
