Parameter,Value
mu,4.0581311290499436
epsilon_air,9.531785910894204
epsilon_substrate,7.453942447208348
omega,6.187255599871848
polarization,0.245073507318513
propagation_x,-0.514120141867641
propagation_y,-0.6604491190889328
propagation_z,0.5472544571044161
