Parameter,Value
mu,4.0581311290499436
epsilon_air,9.531785910894204
epsilon_substrate,7.453942447208348
omega,6.187255599871848
position_x,-6.87962719115127
position_y,-6.880109593275947
position_z,-8.83832775663601
direction_x,0.8454144792916046
direction_y,0.23345074764643708
direction_z,0.4803905771634417
